<?xml version="1.0"?>
<project>
    <pomVersion>3</pomVersion>
    <groupId>org.datanucleus</groupId>
    <artifactId>datanucleus-rdbms</artifactId>
    <name>DataNucleus-RDBMS</name>
    <currentVersion>1.1.0.m1</currentVersion>
    <organization>
        <name>DataNucleus</name>
        <url>http://www.datanucleus.org</url>
        <logo>http://www.datanucleus.org/images/logos/DataNucleus_32_sphere.jpg</logo>
    </organization>
    <shortDescription>DataNucleus RDBMS</shortDescription>
    <description><![CDATA[
        Plugin providing persistence to RDBMS datastores.
        ]]></description>

    <!-- Software Dependencies -->
    <dependencies>
        <dependency>
            <groupId>javax.jdo</groupId>
            <artifactId>jdo2-api</artifactId>
            <version>2.2-SNAPSHOT</version>
            <url>http://db.apache.org/jdo/</url>
        </dependency>
        <dependency>
            <groupId>javax.transaction</groupId>
            <artifactId>transaction-api</artifactId>
            <version>1.1</version>
            <url>http://java.sun.com/products/jta/</url>
        </dependency>
        <dependency>
            <groupId>org.datanucleus</groupId>
            <artifactId>datanucleus-core</artifactId>
            <version>1.1.0.m1</version>
        </dependency>

        <!-- Required for Ant SchemaToolTask -->
        <dependency>
            <groupId>org.apache.ant</groupId>
            <artifactId>ant</artifactId>
            <version>1.7.0</version>
            <url>http://jakarta.apache.org/ant/</url>
        </dependency>

        <!-- Required for JDK1.6 stubs -->
        <dependency>
            <groupId>org.datanucleus</groupId>
            <artifactId>datanucleus-thirdparty</artifactId>
            <version>1.0.0</version>
        </dependency>

        <!-- Required for Oracle mappings -->
        <dependency>
            <groupId>oracle</groupId>
            <artifactId>ojdbc14_g</artifactId>
            <version>10.2.0.4</version>
        </dependency>

        <!-- Required for tests -->
        <dependency>
            <groupId>log4j</groupId>
            <artifactId>log4j</artifactId>
            <version>1.2.8</version>
            <url>http://jakarta.apache.org/log4j/</url>
        </dependency>
    </dependencies>

    <!-- Build process -->
    <build>
        <sourceDirectory>src/java</sourceDirectory>

        <resources>
            <resource>
                <directory>${basedir}/src/java</directory>
                <includes>
                    <include>**/plugin.xml</include>
                    <include>**/*.properties</include>
                    <include>**/*.dtd</include>
                    <include>**/*.xsd</include>
                    <include>**/*.jdo</include>
                </includes>
            </resource>
            <resource>
                <directory>${basedir}/</directory>
                <targetPath>META-INF/</targetPath>
                <includes>
                    <include>NOTICE.txt</include>
                    <include>README.txt</include>
                </includes>
            </resource>
            <resource>
                <directory>${basedir}</directory>
                <includes>
                    <include>plugin.xml</include>
                    <include>META-INF/MANIFEST.MF</include>
                </includes>
            </resource>
        </resources>

        <!-- JUnit, component tests -->
        <unitTestSourceDirectory>src/test</unitTestSourceDirectory>
        <unitTest>
            <includes>
                <include>**/*Test.java</include>
            </includes>
            <resources>
                <resource>
                    <directory>${basedir}/src/test</directory>
                    <includes>
                        <include>**/persistence.xml</include>
                        <include>**/plugin*.xml</include>
                        <include>**/*.jdo*</include>
                        <include>**/*.orm*</include>
                        <include>**/*.xsd</include>
                        <include>**/*.jdoquery*</include>
                        <include>log4j.properties</include>
                    </includes>
                </resource>
            </resources>
        </unitTest>
    </build>

    <!-- Reports that we are interested in -->
    <reports>
        <report>maven-javadoc-plugin</report>
    </reports>
</project>
